[
    {
        "lng": 120.098833,
        "lat": 35.91042,
        "count": 6,
        "style": {
            "size": 6
        }
    },
    {
        "lng": 120.098546,
        "lat": 35.908724,
        "count": 6,
        "style": {
            "size": 6
        }
    },
    {
        "lng": 120.102426,
        "lat": 35.90317,
        "count": 7,
        "style": {
            "size": 7
        }
    },
    {
        "lng": 120.094737,
        "lat": 35.909134,
        "count": 4,
        "style": {
            "size": 4
        }
    },
    {
        "lng": 120.097108,
        "lat": 35.908315,
        "count": 6,
        "style": {
            "size": 6
        }
    },
    {
        "lng": 120.092078,
        "lat": 35.904339,
        "count": 8,
        "style": {
            "size": 8
        }
    },
    {
        "lng": 120.103648,
        "lat": 35.906678,
        "count": 6,
        "style": {
            "size": 6
        }
    },
    {
        "lng": 120.102642,
        "lat": 35.901474,
        "count": 6,
        "style": {
            "size": 6
        }
    },
    {
        "lng": 120.108391,
        "lat": 35.900129,
        "count": 7,
        "style": {
            "size": 7
        }
    },
    {
        "lng": 120.110547,
        "lat": 35.896972,
        "count": 3,
        "style": {
            "size": 3
        }
    },
    {
        "lng": 120.117518,
        "lat": 35.904632,
        "count": 7,
        "style": {
            "size": 7
        }
    },
    {
        "lng": 120.097683,
        "lat": 35.89475,
        "count": 4,
        "style": {
            "size": 4
        }
    }
]
